{
    "mean_x": 523.4161987304688,
    "mean_y": 126.31175231933594,
    "std_x": 251.851318359375,
    "std_y": 64.55701446533203
}